Nombre del producto,Marca del producto,Mejor precio del producto
Backpack Banderas Regalo por Compra,Banderas,"$ 99.999,00"
EDT Benetton United Dreams We are Tribe x 90 ml,Benetton,"$ 10.064,00"
EDT Banderas Blue Seduction x 100 ml,Banderas,"$ 9.297,00"
EDT Colbert Acqua Di x 100 ml,Colbert,"$ 3.001,50"
EDT Nautica Blue x 100 ml,Nautica,"$ 6.852,30"
EDP Adolfo Domínguez Vetiver Terra x 120 ml,Adolfo Dominguez,"$ 13.876,00"
EDP Adolfo Domínguez Ébano Salvia x 120 ml,Adolfo Dominguez,"$ 14.988,00"
EDP Bensimon Blue Night Men x 100 ml,Bensimon,"$ 7.301,50"
EDT Banderas Diavolo x 200 ml,Banderas,"$ 9.504,00"
EDT Pacha Ibiza Be Insane Him x 100 ml,Pacha,"$ 3.402,00"
EDC Kevingston Authentic Spirit 32 Rojo For Men x 100 Ml,Kevingston,"$ 3.564,75"
EDT Banderas King Of Seduction Absolute x 100 ml,Banderas,"$ 10.395,00"
EDT Banderas King Of Seduction x 100 ml,Banderas,"$ 9.817,50"
EDT Kevin Absolute x 60 ml,Kevin,"$ 4.616,25"
EDP Colbert Noir x 90 ml,Colbert,"$ 2.664,00"
EDT Kevin x 60 ml,Kevin,"$ 2.884,50"
EDT Kevin Spirit x 100 ml,Kevin,"$ 3.869,25"
EDT Colbert Us x 60 ml,Colbert,"$ 2.203,50"
EDT Kevin Black x 60 ml,Kevin,"$ 3.087,75"
EDP Antonio Banderas The Icon Elixir x 100 ml,Banderas,"$ 15.100,00"
EDT Banderas The Icon x 100 ml,Banderas,No disponible
Backpack Banderas Regalo por Compra,Banderas,"$ 99.999,00"
EDT Benetton United Dreams We are Tribe x 90 ml,Benetton,"$ 10.064,00"
EDT Banderas Blue Seduction x 100 ml,Banderas,"$ 9.297,00"
EDT Colbert Acqua Di x 100 ml,Colbert,"$ 3.001,50"
EDT Nautica Blue x 100 ml,Nautica,"$ 6.852,30"
EDP Adolfo Domínguez Vetiver Terra x 120 ml,Adolfo Dominguez,"$ 13.876,00"
EDP Adolfo Domínguez Ébano Salvia x 120 ml,Adolfo Dominguez,"$ 14.988,00"
EDP Bensimon Blue Night Men x 100 ml,Bensimon,"$ 7.301,50"
EDT Banderas Diavolo x 200 ml,Banderas,"$ 9.504,00"
EDT Pacha Ibiza Be Insane Him x 100 ml,Pacha,"$ 3.402,00"
EDC Kevingston Authentic Spirit 32 Rojo For Men x 100 Ml,Kevingston,"$ 3.564,75"
EDT Banderas King Of Seduction Absolute x 100 ml,Banderas,"$ 10.395,00"
EDT Banderas King Of Seduction x 100 ml,Banderas,"$ 9.817,50"
EDT Kevin Absolute x 60 ml,Kevin,"$ 4.616,25"
EDP Colbert Noir x 90 ml,Colbert,"$ 2.664,00"
EDT Kevin x 60 ml,Kevin,"$ 2.884,50"
EDT Kevin Spirit x 100 ml,Kevin,"$ 3.869,25"
EDT Colbert Us x 60 ml,Colbert,"$ 2.203,50"
EDT Kevin Black x 60 ml,Kevin,"$ 3.087,75"
EDP Antonio Banderas The Icon Elixir x 100 ml,Banderas,"$ 15.100,00"
EDT Banderas The Icon x 100 ml,Banderas,No disponible
Backpack Banderas Regalo por Compra,Banderas,"$ 99.999,00"
EDT Benetton United Dreams We are Tribe x 90 ml,Benetton,"$ 10.064,00"
EDT Banderas Blue Seduction x 100 ml,Banderas,"$ 9.297,00"
EDT Colbert Acqua Di x 100 ml,Colbert,"$ 3.001,50"
EDT Nautica Blue x 100 ml,Nautica,"$ 6.852,30"
EDP Adolfo Domínguez Vetiver Terra x 120 ml,Adolfo Dominguez,"$ 13.876,00"
EDP Adolfo Domínguez Ébano Salvia x 120 ml,Adolfo Dominguez,"$ 14.988,00"
EDP Bensimon Blue Night Men x 100 ml,Bensimon,"$ 7.301,50"
EDT Banderas Diavolo x 200 ml,Banderas,"$ 9.504,00"
EDT Pacha Ibiza Be Insane Him x 100 ml,Pacha,"$ 3.402,00"
EDC Kevingston Authentic Spirit 32 Rojo For Men x 100 Ml,Kevingston,"$ 3.564,75"
EDT Banderas King Of Seduction Absolute x 100 ml,Banderas,"$ 10.395,00"
EDT Banderas King Of Seduction x 100 ml,Banderas,"$ 9.817,50"
EDT Kevin Absolute x 60 ml,Kevin,"$ 4.616,25"
EDP Colbert Noir x 90 ml,Colbert,"$ 2.664,00"
EDT Kevin x 60 ml,Kevin,"$ 2.884,50"
EDT Kevin Spirit x 100 ml,Kevin,"$ 3.869,25"
EDT Colbert Us x 60 ml,Colbert,"$ 2.203,50"
EDT Kevin Black x 60 ml,Kevin,"$ 3.087,75"
EDP Antonio Banderas The Icon Elixir x 100 ml,Banderas,"$ 15.100,00"
EDT Banderas The Icon x 100 ml,Banderas,No disponible
Backpack Banderas Regalo por Compra,Banderas,"$ 99.999,00"
EDT Benetton United Dreams We are Tribe x 90 ml,Benetton,"$ 10.064,00"
EDT Banderas Blue Seduction x 100 ml,Banderas,"$ 9.297,00"
EDT Colbert Acqua Di x 100 ml,Colbert,"$ 3.001,50"
EDT Nautica Blue x 100 ml,Nautica,"$ 6.852,30"
EDP Adolfo Domínguez Vetiver Terra x 120 ml,Adolfo Dominguez,"$ 13.876,00"
EDP Adolfo Domínguez Ébano Salvia x 120 ml,Adolfo Dominguez,"$ 14.988,00"
EDP Bensimon Blue Night Men x 100 ml,Bensimon,"$ 7.301,50"
EDT Banderas Diavolo x 200 ml,Banderas,"$ 9.504,00"
EDT Pacha Ibiza Be Insane Him x 100 ml,Pacha,"$ 3.402,00"
EDC Kevingston Authentic Spirit 32 Rojo For Men x 100 Ml,Kevingston,"$ 3.564,75"
EDT Banderas King Of Seduction Absolute x 100 ml,Banderas,"$ 10.395,00"
EDT Banderas King Of Seduction x 100 ml,Banderas,"$ 9.817,50"
EDT Kevin Absolute x 60 ml,Kevin,"$ 4.616,25"
EDP Colbert Noir x 90 ml,Colbert,"$ 2.664,00"
EDT Kevin x 60 ml,Kevin,"$ 2.884,50"
EDT Kevin Spirit x 100 ml,Kevin,"$ 3.869,25"
EDT Colbert Us x 60 ml,Colbert,"$ 2.203,50"
EDT Kevin Black x 60 ml,Kevin,"$ 3.087,75"
EDP Antonio Banderas The Icon Elixir x 100 ml,Banderas,"$ 15.100,00"
EDT Banderas The Icon x 100 ml,Banderas,No disponible
Backpack Banderas Regalo por Compra,Banderas,"$ 99.999,00"
EDT Benetton United Dreams We are Tribe x 90 ml,Benetton,"$ 10.064,00"
EDT Banderas Blue Seduction x 100 ml,Banderas,"$ 9.297,00"
EDT Colbert Acqua Di x 100 ml,Colbert,"$ 3.001,50"
EDT Nautica Blue x 100 ml,Nautica,"$ 6.852,30"
EDP Adolfo Domínguez Vetiver Terra x 120 ml,Adolfo Dominguez,"$ 13.876,00"
EDP Adolfo Domínguez Ébano Salvia x 120 ml,Adolfo Dominguez,"$ 14.988,00"
EDP Bensimon Blue Night Men x 100 ml,Bensimon,"$ 7.301,50"
EDT Banderas Diavolo x 200 ml,Banderas,"$ 9.504,00"
EDT Pacha Ibiza Be Insane Him x 100 ml,Pacha,"$ 3.402,00"
EDC Kevingston Authentic Spirit 32 Rojo For Men x 100 Ml,Kevingston,"$ 3.564,75"
EDT Banderas King Of Seduction Absolute x 100 ml,Banderas,"$ 10.395,00"
EDT Banderas King Of Seduction x 100 ml,Banderas,"$ 9.817,50"
EDT Kevin Absolute x 60 ml,Kevin,"$ 4.616,25"
EDP Colbert Noir x 90 ml,Colbert,"$ 2.664,00"
EDT Kevin x 60 ml,Kevin,"$ 2.884,50"
EDT Kevin Spirit x 100 ml,Kevin,"$ 3.869,25"
EDT Colbert Us x 60 ml,Colbert,"$ 2.203,50"
EDT Kevin Black x 60 ml,Kevin,"$ 3.087,75"
EDP Antonio Banderas The Icon Elixir x 100 ml,Banderas,"$ 15.100,00"
EDT Banderas The Icon x 100 ml,Banderas,No disponible
Backpack Banderas Regalo por Compra,Banderas,"$ 99.999,00"
EDT Benetton United Dreams We are Tribe x 90 ml,Benetton,"$ 10.064,00"
EDT Banderas Blue Seduction x 100 ml,Banderas,"$ 9.297,00"
EDT Colbert Acqua Di x 100 ml,Colbert,"$ 3.001,50"
EDT Nautica Blue x 100 ml,Nautica,"$ 6.852,30"
EDP Adolfo Domínguez Vetiver Terra x 120 ml,Adolfo Dominguez,"$ 13.876,00"
EDP Adolfo Domínguez Ébano Salvia x 120 ml,Adolfo Dominguez,"$ 14.988,00"
EDP Bensimon Blue Night Men x 100 ml,Bensimon,"$ 7.301,50"
EDT Banderas Diavolo x 200 ml,Banderas,"$ 9.504,00"
EDT Pacha Ibiza Be Insane Him x 100 ml,Pacha,"$ 3.402,00"
EDC Kevingston Authentic Spirit 32 Rojo For Men x 100 Ml,Kevingston,"$ 3.564,75"
EDT Banderas King Of Seduction Absolute x 100 ml,Banderas,"$ 10.395,00"
EDT Banderas King Of Seduction x 100 ml,Banderas,"$ 9.817,50"
EDT Kevin Absolute x 60 ml,Kevin,"$ 4.616,25"
EDP Colbert Noir x 90 ml,Colbert,"$ 2.664,00"
EDT Kevin x 60 ml,Kevin,"$ 2.884,50"
EDT Kevin Spirit x 100 ml,Kevin,"$ 3.869,25"
EDT Colbert Us x 60 ml,Colbert,"$ 2.203,50"
EDT Kevin Black x 60 ml,Kevin,"$ 3.087,75"
EDP Antonio Banderas The Icon Elixir x 100 ml,Banderas,"$ 15.100,00"
EDT Banderas The Icon x 100 ml,Banderas,No disponible
